"item-title","item-title href","item-title src","copies-text","px-3","submission-preview src","card-footer"
"Abdul Mumin","https://sortitoutsi.net/graphics/browse/1/279855/timeline","https://sortitoutsi.b-cdn.net/uploads/iconface/27128916.png","27128916","V 2025.00","https://sortitoutsidospaces.b-cdn.net/megapacks/cutoutfaces/originals/2025.00/27128916.png?width=100&height=100","2
                                 16"
"Adri Molina","https://sortitoutsi.net/graphics/browse/1/1790829/timeline","https://sortitoutsi.b-cdn.net/uploads/iconface/2000378091.png","2000378091","","","0
                                 1"
"Aitor Urkia","https://sortitoutsi.net/graphics/browse/1/1800039/timeline","https://sortitoutsi.b-cdn.net/uploads/iconface/2000499692.png","2000499692","","","Contribute"
"Alan Hebrero","https://sortitoutsi.net/graphics/browse/1/1786550/timeline","https://sortitoutsi.b-cdn.net/uploads/iconface/2000502256.png","2000502256","","","Contribute"
"Alemão","https://sortitoutsi.net/graphics/browse/1/791868/timeline","https://sortitoutsi.b-cdn.net/uploads/iconface/19333258.png","19333258","","","0
                                 12"
"Alfonso Espino","https://sortitoutsi.net/graphics/browse/1/485977/timeline","https://sortitoutsi.b-cdn.net/uploads/iconface/78066692.png","78066692","","","0
                                 18"
"Álvaro García","https://sortitoutsi.net/graphics/browse/1/456811/timeline","https://sortitoutsi.b-cdn.net/uploads/iconface/67184140.png","67184140","V 2025.00","https://sortitoutsidospaces.b-cdn.net/megapacks/cutoutfaces/originals/2025.00/67184140.png?width=100&height=100","0
                                 13"
"Andrei Ratiu","https://sortitoutsi.net/graphics/browse/1/458740/timeline","https://sortitoutsi.b-cdn.net/uploads/iconface/67217491.png","67217491","","","2
                                 18"
"Augusto Batalla","https://sortitoutsi.net/graphics/browse/1/183078/timeline","https://sortitoutsi.b-cdn.net/uploads/iconface/14059327.png","14059327","","","5
                                 20"
"Ayman El Hahaoui","https://sortitoutsi.net/graphics/browse/1/1809855/timeline","https://sortitoutsi.b-cdn.net/uploads/iconface/2000485254.png","2000485254","","","Contribute"
"Bala","https://sortitoutsi.net/graphics/browse/1/1378756/timeline","https://sortitoutsi.b-cdn.net/uploads/iconface/2000124758.png","2000124758","V 2024.13","https://sortitoutsidospaces.b-cdn.net/megapacks/cutoutfaces/originals/2024.13/2000124758.png?width=100&height=100","0
                                 5"
"Beto Plaza","https://sortitoutsi.net/graphics/browse/1/1752183/timeline","https://sortitoutsi.b-cdn.net/uploads/iconface/2000394192.png","2000394192","","","0
                                 2"
"Bruno Medina","https://sortitoutsi.net/graphics/browse/1/1798931/timeline","https://sortitoutsi.b-cdn.net/uploads/iconface/2000502242.png","2000502242","","","Contribute"
"César Valero","https://sortitoutsi.net/graphics/browse/1/1788142/timeline","https://sortitoutsi.b-cdn.net/uploads/iconface/2000445236.png","2000445236","","","Contribute"
"Dani Cárdenas","https://sortitoutsi.net/graphics/browse/1/459018/timeline","https://sortitoutsi.b-cdn.net/uploads/iconface/67225564.png","67225564","V 2025.00","https://sortitoutsidospaces.b-cdn.net/megapacks/cutoutfaces/originals/2025.00/67225564.png?width=100&height=100","0
                                 21"
"Daniel Voicila","https://sortitoutsi.net/graphics/browse/1/1811394/timeline","https://sortitoutsi.b-cdn.net/uploads/iconface/2000442281.png","2000442281","","","Contribute"
"Diego Leitón","https://sortitoutsi.net/graphics/browse/1/1748856/timeline","https://sortitoutsi.b-cdn.net/uploads/iconface/2000372458.png","2000372458","","","0
                                 1"
"Diego Méndez","https://sortitoutsi.net/graphics/browse/1/1471357/timeline","https://sortitoutsi.b-cdn.net/uploads/iconface/2000209781.png","2000209781","V 2025.00","https://sortitoutsidospaces.b-cdn.net/megapacks/cutoutfaces/originals/2025.00/2000209781.png?width=100&height=100","0
                                 5"
"Diego Robles","https://sortitoutsi.net/graphics/browse/1/1746694/timeline","https://sortitoutsi.b-cdn.net/uploads/iconface/2000386441.png","2000386441","","","0
                                 1"
"Florian Lejeune","https://sortitoutsi.net/graphics/browse/1/502961/timeline","https://sortitoutsi.b-cdn.net/uploads/iconface/85063747.png","85063747","V 2025.00","https://sortitoutsidospaces.b-cdn.net/megapacks/cutoutfaces/originals/2025.00/85063747.png?width=100&height=100","0
                                 31"
"Fran Pérez","https://sortitoutsi.net/graphics/browse/1/1134718/timeline","https://sortitoutsi.b-cdn.net/uploads/iconface/95078306.png","95078306","V 2024.13","https://sortitoutsidospaces.b-cdn.net/megapacks/cutoutfaces/originals/2024.13/95078306.png?width=100&height=100","0
                                 19"
"Gerard Gumbau","https://sortitoutsi.net/graphics/browse/1/457971/timeline","https://sortitoutsi.b-cdn.net/uploads/iconface/67207185.png","67207185","","","0
                                 15"
"Germán Mesonero","https://sortitoutsi.net/graphics/browse/1/1825526/timeline","https://sortitoutsi.b-cdn.net/uploads/iconface/2000395164.png","2000395164","","","Contribute"
"Glenn Jorge de Bruyn","https://sortitoutsi.net/graphics/browse/1/1428057/timeline","https://sortitoutsi.b-cdn.net/uploads/iconface/2000144052.png","2000144052","V 2024.07","https://sortitoutsidospaces.b-cdn.net/megapacks/cutoutfaces/originals/2024.07/2000144052.png?width=100&height=100","1
                                 5"
"Hugo Castaño","https://sortitoutsi.net/graphics/browse/1/1817620/timeline","https://sortitoutsi.b-cdn.net/uploads/iconface/2000386450.png","2000386450","","","0
                                 1"
"Hugo Navarro","https://sortitoutsi.net/graphics/browse/1/1717530/timeline","https://sortitoutsi.b-cdn.net/uploads/iconface/2000372460.png","2000372460","","","0
                                 1"
"Hugo Verdejo","https://sortitoutsi.net/graphics/browse/1/1799720/timeline","https://sortitoutsi.b-cdn.net/uploads/iconface/2000485203.png","2000485203","","","Contribute"
"Ibrahima Camara","https://sortitoutsi.net/graphics/browse/1/1268113/timeline","https://sortitoutsi.b-cdn.net/uploads/iconface/2000060706.png","2000060706","V 2023.10","https://sortitoutsidospaces.b-cdn.net/megapacks/cutoutfaces/originals/2023.10/2000060706.png?width=100&height=100","0
                                 7"
"Isi Palazón","https://sortitoutsi.net/graphics/browse/1/455765/timeline","https://sortitoutsi.b-cdn.net/uploads/iconface/67173045.png","67173045","","","0
                                 13"
"Iván Alonso","https://sortitoutsi.net/graphics/browse/1/1811447/timeline","https://sortitoutsi.b-cdn.net/uploads/iconface/2000396187.png","2000396187","","","0
                                 1"
"Iván Balliu","https://sortitoutsi.net/graphics/browse/1/449967/timeline","https://sortitoutsi.b-cdn.net/uploads/iconface/67053461.png","67053461","","","0
                                 23"
"Iván Íñigo","https://sortitoutsi.net/graphics/browse/1/1817504/timeline","https://sortitoutsi.b-cdn.net/uploads/iconface/2000398091.png","2000398091","","","0
                                 1"
"Jack Stenström","https://sortitoutsi.net/graphics/browse/1/1801599/timeline","https://sortitoutsi.b-cdn.net/uploads/iconface/2000251826.png","2000251826","","","2
                                 3"
"Jaime Merino","https://sortitoutsi.net/graphics/browse/1/1799318/timeline","https://sortitoutsi.b-cdn.net/uploads/iconface/2000502265.png","2000502265","","","Contribute"
"Javi Baldobar","https://sortitoutsi.net/graphics/browse/1/1576152/timeline","https://sortitoutsi.b-cdn.net/uploads/iconface/2000277424.png","2000277424","V 2024.02","https://sortitoutsidospaces.b-cdn.net/megapacks/cutoutfaces/originals/2024.02/2000277424.png?width=100&height=100","1
                                 5"
"Jorge De Frutos","https://sortitoutsi.net/graphics/browse/1/459758/timeline","https://sortitoutsi.b-cdn.net/uploads/iconface/67231100.png","67231100","","","1
                                 23"
"Jorge Escobar","https://sortitoutsi.net/graphics/browse/1/1799346/timeline","https://sortitoutsi.b-cdn.net/uploads/iconface/2000502249.png","2000502249","","","Contribute"
"Josep Cardona","https://sortitoutsi.net/graphics/browse/1/1751780/timeline","https://sortitoutsi.b-cdn.net/uploads/iconface/2000487708.png","2000487708","","","Contribute"
"Jozhua Vertrouwd","https://sortitoutsi.net/graphics/browse/1/1427955/timeline","https://sortitoutsi.b-cdn.net/uploads/iconface/2000144900.png","2000144900","","","0
                                 9"
"Juanchi","https://sortitoutsi.net/graphics/browse/1/1720611/timeline","https://sortitoutsi.b-cdn.net/uploads/iconface/2000386444.png","2000386444","","","0
                                 1"
"Juanpe","https://sortitoutsi.net/graphics/browse/1/1067316/timeline","https://sortitoutsi.b-cdn.net/uploads/iconface/67293610.png","67293610","V 12.01","https://sortitoutsidospaces.b-cdn.net/megapacks/cutoutfaces/originals/12.01/67293610.png?width=100&height=100","0
                                 3"
"Karim Jaafar","https://sortitoutsi.net/graphics/browse/1/1802503/timeline","https://sortitoutsi.b-cdn.net/uploads/iconface/2000494038.png","2000494038","","","Contribute"
"Luiz Felipe","https://sortitoutsi.net/graphics/browse/1/217815/timeline","https://sortitoutsi.b-cdn.net/uploads/iconface/19225765.png","19225765","V 2024.10","https://sortitoutsidospaces.b-cdn.net/megapacks/cutoutfaces/originals/2024.10/19225765.png?width=100&height=100","1
                                 30"
"Marco de las Sías","https://sortitoutsi.net/graphics/browse/1/1825808/timeline","https://sortitoutsi.b-cdn.net/uploads/iconface/2000377639.png","2000377639","","","0
                                 1"
"Marco Roman","https://sortitoutsi.net/graphics/browse/1/1809740/timeline","https://sortitoutsi.b-cdn.net/uploads/iconface/2000408068.png","2000408068","","","Contribute"
"Mauro Ballesteros","https://sortitoutsi.net/graphics/browse/1/1800047/timeline","https://sortitoutsi.b-cdn.net/uploads/iconface/2000502254.png","2000502254","","","Contribute"
"Miguel Valverde","https://sortitoutsi.net/graphics/browse/1/1780084/timeline","https://sortitoutsi.b-cdn.net/uploads/iconface/2000442283.png","2000442283","","","Contribute"
"Nacho Carrasco","https://sortitoutsi.net/graphics/browse/1/1798957/timeline","https://sortitoutsi.b-cdn.net/uploads/iconface/2000485204.png","2000485204","","","Contribute"
"Nobel Mendy","https://sortitoutsi.net/graphics/browse/1/1369324/timeline","https://sortitoutsi.b-cdn.net/uploads/iconface/2000138305.png","2000138305","V 2024.07","https://sortitoutsidospaces.b-cdn.net/megapacks/cutoutfaces/originals/2024.07/2000138305.png?width=100&height=100","0
                                 4"
"Óscar Trejo","https://sortitoutsi.net/graphics/browse/1/100181/timeline","https://sortitoutsi.b-cdn.net/uploads/iconface/958318.png","958318","","","1
                                 17"
"Óscar Valentín","https://sortitoutsi.net/graphics/browse/1/458418/timeline","https://sortitoutsi.b-cdn.net/uploads/iconface/67213714.png","67213714","V 2025.00","https://sortitoutsidospaces.b-cdn.net/megapacks/cutoutfaces/originals/2025.00/67213714.png?width=100&height=100","3
                                 9"
"Pablo Bello","https://sortitoutsi.net/graphics/browse/1/1800046/timeline","https://sortitoutsi.b-cdn.net/uploads/iconface/2000502239.png","2000502239","","","Contribute"
"Pablo Lopez","https://sortitoutsi.net/graphics/browse/1/1817879/timeline","https://sortitoutsi.b-cdn.net/uploads/iconface/2000485208.png","2000485208","","","Contribute"
"Pablo Prieto","https://sortitoutsi.net/graphics/browse/1/1746994/timeline","https://sortitoutsi.b-cdn.net/uploads/iconface/2000386442.png","2000386442","","","0
                                 1"
"Pablo Sanchez-Flores","https://sortitoutsi.net/graphics/browse/1/1715104/timeline","https://sortitoutsi.b-cdn.net/uploads/iconface/2000387139.png","2000387139","","","0
                                 1"
"Pathé Ciss","https://sortitoutsi.net/graphics/browse/1/178276/timeline","https://sortitoutsi.b-cdn.net/uploads/iconface/13181623.png","13181623","V 2025.00","https://sortitoutsidospaces.b-cdn.net/megapacks/cutoutfaces/originals/2025.00/13181623.png?width=100&height=100","0
                                 12"
"Pedro Díaz","https://sortitoutsi.net/graphics/browse/1/458808/timeline","https://sortitoutsi.b-cdn.net/uploads/iconface/67220203.png","67220203","V 2025.00","https://sortitoutsidospaces.b-cdn.net/megapacks/cutoutfaces/originals/2025.00/67220203.png?width=100&height=100","0
                                 12"
"Pep Chavarría","https://sortitoutsi.net/graphics/browse/1/990283/timeline","https://sortitoutsi.b-cdn.net/uploads/iconface/67277695.png","67277695","V 2025.00","https://sortitoutsidospaces.b-cdn.net/megapacks/cutoutfaces/originals/2025.00/67277695.png?width=100&height=100","0
                                 8"
"Randy Nteka","https://sortitoutsi.net/graphics/browse/1/990221/timeline","https://sortitoutsi.b-cdn.net/uploads/iconface/67277397.png","67277397","","","2
                                 16"
"Raul' Allahverdiev","https://sortitoutsi.net/graphics/browse/1/1593975/timeline","https://sortitoutsi.b-cdn.net/uploads/iconface/2000227641.png","2000227641","V 2024.03","https://sortitoutsidospaces.b-cdn.net/megapacks/cutoutfaces/originals/2024.03/2000227641.png?width=100&height=100","0
                                 3"
"Samu Becerra","https://sortitoutsi.net/graphics/browse/1/1625013/timeline","https://sortitoutsi.b-cdn.net/uploads/iconface/2000324215.png","2000324215","V 2024.06","https://sortitoutsidospaces.b-cdn.net/megapacks/cutoutfaces/originals/2024.06/2000324215.png?width=100&height=100","0
                                 2"
"Sergio Alonso","https://sortitoutsi.net/graphics/browse/1/1752846/timeline","https://sortitoutsi.b-cdn.net/uploads/iconface/2000370355.png","2000370355","","","0
                                 1"
"Sergio Camello","https://sortitoutsi.net/graphics/browse/1/976356/timeline","https://sortitoutsi.b-cdn.net/uploads/iconface/67272502.png","67272502","V 2025.00","https://sortitoutsidospaces.b-cdn.net/megapacks/cutoutfaces/originals/2025.00/67272502.png?width=100&height=100","0
                                 12"
"Sergio Castellón","https://sortitoutsi.net/graphics/browse/1/1809203/timeline","https://sortitoutsi.b-cdn.net/uploads/iconface/2000502271.png","2000502271","","","Contribute"
"Sergio García","https://sortitoutsi.net/graphics/browse/1/1798154/timeline","https://sortitoutsi.b-cdn.net/uploads/iconface/2000485617.png","2000485617","","","Contribute"
"Sergio Lozano","https://sortitoutsi.net/graphics/browse/1/1625012/timeline","https://sortitoutsi.b-cdn.net/uploads/iconface/2000324216.png","2000324216","V 2025.01","https://sortitoutsidospaces.b-cdn.net/megapacks/cutoutfaces/originals/2025.01/2000324216.png?width=100&height=100","0
                                 2"
"Unai López","https://sortitoutsi.net/graphics/browse/1/454737/timeline","https://sortitoutsi.b-cdn.net/uploads/iconface/67145056.png","67145056","V 2025.00","https://sortitoutsidospaces.b-cdn.net/megapacks/cutoutfaces/originals/2025.00/67145056.png?width=100&height=100","2
                                 24"
"Unai Sabroso","https://sortitoutsi.net/graphics/browse/1/1799751/timeline","https://sortitoutsi.b-cdn.net/uploads/iconface/2000502261.png","2000502261","","","Contribute"
"Victor Revuelto","https://sortitoutsi.net/graphics/browse/1/1818330/timeline","https://sortitoutsi.b-cdn.net/uploads/iconface/2000386440.png","2000386440","","","Contribute"
"Wiktor Glogowski","https://sortitoutsi.net/graphics/browse/1/1768754/timeline","https://sortitoutsi.b-cdn.net/uploads/iconface/2000440478.png","2000440478","","","0
                                 1"
"Yahya Bourjila","https://sortitoutsi.net/graphics/browse/1/1803390/timeline","https://sortitoutsi.b-cdn.net/uploads/iconface/2000414336.png","2000414336","","","Contribute"